<?xml version="1.0" encoding="UTF-8"?>
<!DOCTYPE mapper PUBLIC "-//mybatis.org//DTD Mapper 3.0//EN" "http://mybatis.org/dtd/mybatis-3-mapper.dtd">
<mapper namespace="com.zhenwen.mapper.AdMapper">
  <resultMap id="BaseResultMap" type="com.zhenwen.domain.Ad">
    <id column="ad_id" jdbcType="INTEGER" property="adId" />
    <result column="ad_title" jdbcType="VARCHAR" property="adTitle" />
    <result column="ad_content" jdbcType="VARCHAR" property="adContent" />
    <result column="ad_url" jdbcType="VARCHAR" property="adUrl" />
    <result column="is_shown" jdbcType="BOOLEAN" property="isShown" />
    <result column="is_deleted" jdbcType="BOOLEAN" property="isDeleted" />
    <result column="create_by" jdbcType="VARCHAR" property="createBy" />
    <result column="create_time" jdbcType="TIMESTAMP" property="createTime" />
    <result column="update_by" jdbcType="VARCHAR" property="updateBy" />
    <result column="update_time" jdbcType="TIMESTAMP" property="updateTime" />
    <result column="remark" jdbcType="VARCHAR" property="remark" />
  </resultMap>
  <sql id="Base_Column_List">
    ad_id, ad_title, ad_content, ad_url, is_shown, is_deleted, create_by, create_time, 
    update_by, update_time, remark
  </sql>
  <select id="selectByPrimaryKey" parameterType="java.lang.Integer" resultMap="BaseResultMap">
    select 
    <include refid="Base_Column_List" />
    from ad
    where ad_id = #{adId,jdbcType=INTEGER}
  </select>
  <delete id="deleteByPrimaryKey" parameterType="java.lang.Integer">
    delete from ad
    where ad_id = #{adId,jdbcType=INTEGER}
  </delete>
  <insert id="insert" keyColumn="ad_id" keyProperty="adId" parameterType="com.zhenwen.domain.Ad" useGeneratedKeys="true">
    insert into ad (ad_title, ad_content, ad_url, 
      is_shown, is_deleted, create_by, 
      create_time, update_by, update_time, 
      remark)
    values (#{adTitle,jdbcType=VARCHAR}, #{adContent,jdbcType=VARCHAR}, #{adUrl,jdbcType=VARCHAR}, 
      #{isShown,jdbcType=BOOLEAN}, #{isDeleted,jdbcType=BOOLEAN}, #{createBy,jdbcType=VARCHAR}, 
      #{createTime,jdbcType=TIMESTAMP}, #{updateBy,jdbcType=VARCHAR}, #{updateTime,jdbcType=TIMESTAMP}, 
      #{remark,jdbcType=VARCHAR})
  </insert>
  <insert id="insertSelective" keyColumn="ad_id" keyProperty="adId" parameterType="com.zhenwen.domain.Ad" useGeneratedKeys="true">
    insert into ad
    <trim prefix="(" suffix=")" suffixOverrides=",">
      <if test="adTitle != null">
        ad_title,
      </if>
      <if test="adContent != null">
        ad_content,
      </if>
      <if test="adUrl != null">
        ad_url,
      </if>
      <if test="isShown != null">
        is_shown,
      </if>
      <if test="isDeleted != null">
        is_deleted,
      </if>
      <if test="createBy != null">
        create_by,
      </if>
      <if test="createTime != null">
        create_time,
      </if>
      <if test="updateBy != null">
        update_by,
      </if>
      <if test="updateTime != null">
        update_time,
      </if>
      <if test="remark != null">
        remark,
      </if>
    </trim>
    <trim prefix="values (" suffix=")" suffixOverrides=",">
      <if test="adTitle != null">
        #{adTitle,jdbcType=VARCHAR},
      </if>
      <if test="adContent != null">
        #{adContent,jdbcType=VARCHAR},
      </if>
      <if test="adUrl != null">
        #{adUrl,jdbcType=VARCHAR},
      </if>
      <if test="isShown != null">
        #{isShown,jdbcType=BOOLEAN},
      </if>
      <if test="isDeleted != null">
        #{isDeleted,jdbcType=BOOLEAN},
      </if>
      <if test="createBy != null">
        #{createBy,jdbcType=VARCHAR},
      </if>
      <if test="createTime != null">
        #{createTime,jdbcType=TIMESTAMP},
      </if>
      <if test="updateBy != null">
        #{updateBy,jdbcType=VARCHAR},
      </if>
      <if test="updateTime != null">
        #{updateTime,jdbcType=TIMESTAMP},
      </if>
      <if test="remark != null">
        #{remark,jdbcType=VARCHAR},
      </if>
    </trim>
  </insert>
  <update id="updateByPrimaryKeySelective" parameterType="com.zhenwen.domain.Ad">
    update ad
    <set>
      <if test="adTitle != null">
        ad_title = #{adTitle,jdbcType=VARCHAR},
      </if>
      <if test="adContent != null">
        ad_content = #{adContent,jdbcType=VARCHAR},
      </if>
      <if test="adUrl != null">
        ad_url = #{adUrl,jdbcType=VARCHAR},
      </if>
      <if test="isShown != null">
        is_shown = #{isShown,jdbcType=BOOLEAN},
      </if>
      <if test="isDeleted != null">
        is_deleted = #{isDeleted,jdbcType=BOOLEAN},
      </if>
      <if test="createBy != null">
        create_by = #{createBy,jdbcType=VARCHAR},
      </if>
      <if test="createTime != null">
        create_time = #{createTime,jdbcType=TIMESTAMP},
      </if>
      <if test="updateBy != null">
        update_by = #{updateBy,jdbcType=VARCHAR},
      </if>
      <if test="updateTime != null">
        update_time = #{updateTime,jdbcType=TIMESTAMP},
      </if>
      <if test="remark != null">
        remark = #{remark,jdbcType=VARCHAR},
      </if>
    </set>
    where ad_id = #{adId,jdbcType=INTEGER}
  </update>
  <update id="updateByPrimaryKey" parameterType="com.zhenwen.domain.Ad">
    update ad
    set ad_title = #{adTitle,jdbcType=VARCHAR},
      ad_content = #{adContent,jdbcType=VARCHAR},
      ad_url = #{adUrl,jdbcType=VARCHAR},
      is_shown = #{isShown,jdbcType=BOOLEAN},
      is_deleted = #{isDeleted,jdbcType=BOOLEAN},
      create_by = #{createBy,jdbcType=VARCHAR},
      create_time = #{createTime,jdbcType=TIMESTAMP},
      update_by = #{updateBy,jdbcType=VARCHAR},
      update_time = #{updateTime,jdbcType=TIMESTAMP},
      remark = #{remark,jdbcType=VARCHAR}
    where ad_id = #{adId,jdbcType=INTEGER}
  </update>
</mapper>