<?xml version="1.0" encoding="UTF-8"?>
<!DOCTYPE mapper PUBLIC "-//mybatis.org//DTD Mapper 3.0//EN" "http://mybatis.org/dtd/mybatis-3-mapper.dtd">
<mapper namespace="com.zhenwen.mapper.CourseMapper">
  <resultMap id="BaseResultMap" type="com.zhenwen.domain.Course">
    <id column="crse_id" jdbcType="INTEGER" property="crseId" />
    <result column="crse_code" jdbcType="VARCHAR" property="crseCode" />
    <result column="crse_name" jdbcType="VARCHAR" property="crseName" />
    <result column="class_name" jdbcType="VARCHAR" property="className" />
    <result column="introduction" jdbcType="VARCHAR" property="introduction" />
    <result column="crse_semester" jdbcType="VARCHAR" property="crseSemester" />
    <result column="crse_join_code" jdbcType="INTEGER" property="crseJoinCode" />
    <result column="max_member" jdbcType="INTEGER" property="maxMember" />
    <result column="allow_drop_out" jdbcType="BOOLEAN" property="allowDropOut" />
    <result column="is_file" jdbcType="BOOLEAN" property="isFile" />
    <result column="is_deleted" jdbcType="BOOLEAN" property="isDeleted" />
    <result column="create_by" jdbcType="VARCHAR" property="createBy" />
    <result column="create_time" jdbcType="TIMESTAMP" property="createTime" />
    <result column="update_by" jdbcType="VARCHAR" property="updateBy" />
    <result column="update_time" jdbcType="TIMESTAMP" property="updateTime" />
    <result column="remark" jdbcType="VARCHAR" property="remark" />
  </resultMap>
  <sql id="Base_Column_List">
    crse_id, crse_code, crse_name, class_name, introduction, crse_semester, crse_join_code,
    max_member, allow_drop_out, is_file, is_deleted, create_by, create_time, update_by,
    update_time, remark
  </sql>
  <select id="selectByPrimaryKey" parameterType="java.lang.Integer" resultMap="BaseResultMap">
    select
    <include refid="Base_Column_List" />
    from course
    where crse_id = #{crseId,jdbcType=INTEGER}
  </select>
  <select id="findAllCourse" resultMap="BaseResultMap">
    select * from course
  </select>
  <select id="findCoursesByCrseIds" parameterType="java.util.List" resultMap="BaseResultMap">
    select *
    from course
    where is_deleted = 0 and crse_id in
        <foreach collection="list" item="crseId" index="index" open="(" close=")" separator=",">
          #{crseId}
        </foreach>
  </select>
  <select id="findCourseByCourseCode" resultMap="BaseResultMap">
    select * from course where crse_code = #{code}
  </select>
  <delete id="deleteByPrimaryKey" parameterType="java.lang.Integer">
    delete from course
    where crse_id = #{crseId,jdbcType=INTEGER}
  </delete>
  <insert id="insert" keyColumn="crse_id" keyProperty="crseId" parameterType="com.zhenwen.domain.Course" useGeneratedKeys="true">
    insert into course (crse_code, crse_name, class_name,
      introduction, crse_semester, crse_join_code,
      max_member, allow_drop_out, is_file,
      is_deleted, create_by, create_time,
      update_by, update_time, remark
      )
    values (#{crseCode,jdbcType=VARCHAR}, #{crseName,jdbcType=VARCHAR}, #{className,jdbcType=VARCHAR},
      #{introduction,jdbcType=VARCHAR}, #{crseSemester,jdbcType=VARCHAR}, #{crseJoinCode,jdbcType=INTEGER},
      #{maxMember,jdbcType=INTEGER}, #{allowDropOut,jdbcType=BOOLEAN}, #{isFile,jdbcType=BOOLEAN},
      #{isDeleted,jdbcType=BOOLEAN}, #{createBy,jdbcType=VARCHAR}, #{createTime,jdbcType=TIMESTAMP},
      #{updateBy,jdbcType=VARCHAR}, #{updateTime,jdbcType=TIMESTAMP}, #{remark,jdbcType=VARCHAR}
      )
  </insert>
  <insert id="insertSelective" keyColumn="crse_id" keyProperty="crseId" parameterType="com.zhenwen.domain.Course" useGeneratedKeys="true">
    insert into course
    <trim prefix="(" suffix=")" suffixOverrides=",">
      <if test="crseCode != null">
        crse_code,
      </if>
      <if test="crseName != null">
        crse_name,
      </if>
      <if test="className != null">
        class_name,
      </if>
      <if test="introduction != null">
        introduction,
      </if>
      <if test="crseSemester != null">
        crse_semester,
      </if>
      <if test="crseJoinCode != null">
        crse_join_code,
      </if>
      <if test="maxMember != null">
        max_member,
      </if>
      <if test="allowDropOut != null">
        allow_drop_out,
      </if>
      <if test="isFile != null">
        is_file,
      </if>
      <if test="isDeleted != null">
        is_deleted,
      </if>
      <if test="createBy != null">
        create_by,
      </if>
      <if test="createTime != null">
        create_time,
      </if>
      <if test="updateBy != null">
        update_by,
      </if>
      <if test="updateTime != null">
        update_time,
      </if>
      <if test="remark != null">
        remark,
      </if>
    </trim>
    <trim prefix="values (" suffix=")" suffixOverrides=",">
      <if test="crseCode != null">
        #{crseCode,jdbcType=VARCHAR},
      </if>
      <if test="crseName != null">
        #{crseName,jdbcType=VARCHAR},
      </if>
      <if test="className != null">
        #{className,jdbcType=VARCHAR},
      </if>
      <if test="introduction != null">
        #{introduction,jdbcType=VARCHAR},
      </if>
      <if test="crseSemester != null">
        #{crseSemester,jdbcType=VARCHAR},
      </if>
      <if test="crseJoinCode != null">
        #{crseJoinCode,jdbcType=INTEGER},
      </if>
      <if test="maxMember != null">
        #{maxMember,jdbcType=INTEGER},
      </if>
      <if test="allowDropOut != null">
        #{allowDropOut,jdbcType=BOOLEAN},
      </if>
      <if test="isFile != null">
        #{isFile,jdbcType=BOOLEAN},
      </if>
      <if test="isDeleted != null">
        #{isDeleted,jdbcType=BOOLEAN},
      </if>
      <if test="createBy != null">
        #{createBy,jdbcType=VARCHAR},
      </if>
      <if test="createTime != null">
        #{createTime,jdbcType=TIMESTAMP},
      </if>
      <if test="updateBy != null">
        #{updateBy,jdbcType=VARCHAR},
      </if>
      <if test="updateTime != null">
        #{updateTime,jdbcType=TIMESTAMP},
      </if>
      <if test="remark != null">
        #{remark,jdbcType=VARCHAR},
      </if>
    </trim>
  </insert>
  <update id="updateByPrimaryKeySelective" parameterType="com.zhenwen.domain.Course">
    update course
    <set>
      <if test="crseCode != null">
        crse_code = #{crseCode,jdbcType=VARCHAR},
      </if>
      <if test="crseName != null">
        crse_name = #{crseName,jdbcType=VARCHAR},
      </if>
      <if test="className != null">
        class_name = #{className,jdbcType=VARCHAR},
      </if>
      <if test="introduction != null">
        introduction = #{introduction,jdbcType=VARCHAR},
      </if>
      <if test="crseSemester != null">
        crse_semester = #{crseSemester,jdbcType=VARCHAR},
      </if>
      <if test="crseJoinCode != null">
        crse_join_code = #{crseJoinCode,jdbcType=INTEGER},
      </if>
      <if test="maxMember != null">
        max_member = #{maxMember,jdbcType=INTEGER},
      </if>
      <if test="allowDropOut != null">
        allow_drop_out = #{allowDropOut,jdbcType=BOOLEAN},
      </if>
      <if test="isFile != null">
        is_file = #{isFile,jdbcType=BOOLEAN},
      </if>
      <if test="isDeleted != null">
        is_deleted = #{isDeleted,jdbcType=BOOLEAN},
      </if>
      <if test="createBy != null">
        create_by = #{createBy,jdbcType=VARCHAR},
      </if>
      <if test="createTime != null">
        create_time = #{createTime,jdbcType=TIMESTAMP},
      </if>
      <if test="updateBy != null">
        update_by = #{updateBy,jdbcType=VARCHAR},
      </if>
      <if test="updateTime != null">
        update_time = #{updateTime,jdbcType=TIMESTAMP},
      </if>
      <if test="remark != null">
        remark = #{remark,jdbcType=VARCHAR},
      </if>
    </set>
    where crse_id = #{crseId,jdbcType=INTEGER}
  </update>
  <update id="updateByPrimaryKey" parameterType="com.zhenwen.domain.Course">
    update course
    set crse_code = #{crseCode,jdbcType=VARCHAR},
      crse_name = #{crseName,jdbcType=VARCHAR},
      class_name = #{className,jdbcType=VARCHAR},
      introduction = #{introduction,jdbcType=VARCHAR},
      crse_semester = #{crseSemester,jdbcType=VARCHAR},
      crse_join_code = #{crseJoinCode,jdbcType=INTEGER},
      max_member = #{maxMember,jdbcType=INTEGER},
      allow_drop_out = #{allowDropOut,jdbcType=BOOLEAN},
      is_file = #{isFile,jdbcType=BOOLEAN},
      is_deleted = #{isDeleted,jdbcType=BOOLEAN},
      create_by = #{createBy,jdbcType=VARCHAR},
      create_time = #{createTime,jdbcType=TIMESTAMP},
      update_by = #{updateBy,jdbcType=VARCHAR},
      update_time = #{updateTime,jdbcType=TIMESTAMP},
      remark = #{remark,jdbcType=VARCHAR}
    where crse_id = #{crseId,jdbcType=INTEGER}
  </update>
</mapper>
