<?xml version="1.0" encoding="UTF-8"?>
<!DOCTYPE mapper PUBLIC "-//mybatis.org//DTD Mapper 3.0//EN" "http://mybatis.org/dtd/mybatis-3-mapper.dtd">
<mapper namespace="com.zhenwen.mapper.CrseAsgnMapper">
  <resultMap id="BaseResultMap" type="com.zhenwen.domain.CrseAsgn">
    <id column="crse_id" jdbcType="INTEGER" property="crseId" />
    <id column="asgn_id" jdbcType="INTEGER" property="asgnId" />
  </resultMap>
  <delete id="deleteByPrimaryKey" parameterType="com.zhenwen.domain.CrseAsgn">
    delete from crse_asgn
    where crse_id = #{crseId,jdbcType=INTEGER}
      and asgn_id = #{asgnId,jdbcType=INTEGER}
  </delete>
  <select id="selectCrseIdByAsgnId" resultType="java.lang.Integer">
    select crse_id from crse_asgn where asgn_id = #{asgnId}
  </select>
  <insert id="insert" keyColumn="crse_id" keyProperty="crseId" parameterType="com.zhenwen.domain.CrseAsgn" useGeneratedKeys="true">
    insert into crse_asgn (crse_id, asgn_id)
    values (#{crseId,jdbcType=INTEGER}, #{asgnId,jdbcType=INTEGER})
  </insert>
  <insert id="insertSelective" keyColumn="crse_id" keyProperty="crseId" parameterType="com.zhenwen.domain.CrseAsgn" useGeneratedKeys="true">
    insert into crse_asgn
    <trim prefix="(" suffix=")" suffixOverrides=",">
      <if test="crseId != null">
        crse_id,
      </if>
      <if test="asgnId != null">
        asgn_id,
      </if>
    </trim>
    <trim prefix="values (" suffix=")" suffixOverrides=",">
      <if test="crseId != null">
        #{crseId,jdbcType=INTEGER},
      </if>
      <if test="asgnId != null">
        #{asgnId,jdbcType=INTEGER},
      </if>
    </trim>
  </insert>
</mapper>
