<?xml version="1.0" encoding="UTF-8"?>
<!DOCTYPE mapper PUBLIC "-//mybatis.org//DTD Mapper 3.0//EN" "http://mybatis.org/dtd/mybatis-3-mapper.dtd">
<mapper namespace="com.zhenwen.mapper.FileMapper">
  <resultMap id="BaseResultMap" type="com.zhenwen.domain.File">
    <id column="file_id" jdbcType="INTEGER" property="fileId" />
    <result column="parent_id" jdbcType="INTEGER" property="parentId" />
    <result column="file_name" jdbcType="VARCHAR" property="fileName" />
    <result column="file_url" jdbcType="VARCHAR" property="fileUrl" />
    <result column="file_type" jdbcType="VARCHAR" property="fileType" />
    <result column="file_size" jdbcType="DOUBLE" property="fileSize" />
    <result column="downloadable" jdbcType="BOOLEAN" property="downloadable" />
    <result column="download_count" jdbcType="INTEGER" property="downloadCount" />
    <result column="is_deleted" jdbcType="BOOLEAN" property="isDeleted" />
    <result column="create_by" jdbcType="VARCHAR" property="createBy" />
    <result column="create_time" jdbcType="TIMESTAMP" property="createTime" />
    <result column="update_by" jdbcType="VARCHAR" property="updateBy" />
    <result column="update_time" jdbcType="TIMESTAMP" property="updateTime" />
    <result column="remark" jdbcType="VARCHAR" property="remark" />
  </resultMap>
  <sql id="Base_Column_List">
    file_id, parent_id, file_name, file_url, file_type, file_size, downloadable, download_count,
    is_deleted, create_by, create_time, update_by, update_time, remark
  </sql>
  <select id="selectByPrimaryKey" parameterType="java.lang.Integer" resultMap="BaseResultMap">
    select
    <include refid="Base_Column_List" />
    from file
    where file_id = #{fileId,jdbcType=INTEGER}
  </select>
    <select id="findFileTree" resultMap="BaseResultMap">
      select
      <include refid="Base_Column_List"/>
      from file
      where parent_id = #{fileId}
      order file_id
    </select>
    <delete id="deleteByPrimaryKey" parameterType="java.lang.Integer">
    delete from file
    where file_id = #{fileId,jdbcType=INTEGER}
  </delete>
  <insert id="insert" keyColumn="file_id" keyProperty="fileId" parameterType="com.zhenwen.domain.File" useGeneratedKeys="true">
    insert into file (parent_id, file_name, file_url,
      file_type, file_size, downloadable,
      download_count, is_deleted, create_by,
      create_time, update_by, update_time,
      remark)
    values (#{parentId,jdbcType=INTEGER}, #{fileName,jdbcType=VARCHAR}, #{fileUrl,jdbcType=VARCHAR},
      #{fileType,jdbcType=VARCHAR}, #{fileSize,jdbcType=DOUBLE}, #{downloadable,jdbcType=BOOLEAN},
      #{downloadCount,jdbcType=INTEGER}, #{isDeleted,jdbcType=BOOLEAN}, #{createBy,jdbcType=VARCHAR},
      #{createTime,jdbcType=TIMESTAMP}, #{updateBy,jdbcType=VARCHAR}, #{updateTime,jdbcType=TIMESTAMP},
      #{remark,jdbcType=VARCHAR})
  </insert>
  <insert id="insertSelective" keyColumn="file_id" keyProperty="fileId" parameterType="com.zhenwen.domain.File" useGeneratedKeys="true">
    insert into file
    <trim prefix="(" suffix=")" suffixOverrides=",">
      <if test="parentId != null">
        parent_id,
      </if>
      <if test="fileName != null">
        file_name,
      </if>
      <if test="fileUrl != null">
        file_url,
      </if>
      <if test="fileType != null">
        file_type,
      </if>
      <if test="fileSize != null">
        file_size,
      </if>
      <if test="downloadable != null">
        downloadable,
      </if>
      <if test="downloadCount != null">
        download_count,
      </if>
      <if test="isDeleted != null">
        is_deleted,
      </if>
      <if test="createBy != null">
        create_by,
      </if>
      <if test="createTime != null">
        create_time,
      </if>
      <if test="updateBy != null">
        update_by,
      </if>
      <if test="updateTime != null">
        update_time,
      </if>
      <if test="remark != null">
        remark,
      </if>
    </trim>
    <trim prefix="values (" suffix=")" suffixOverrides=",">
      <if test="parentId != null">
        #{parentId,jdbcType=INTEGER},
      </if>
      <if test="fileName != null">
        #{fileName,jdbcType=VARCHAR},
      </if>
      <if test="fileUrl != null">
        #{fileUrl,jdbcType=VARCHAR},
      </if>
      <if test="fileType != null">
        #{fileType,jdbcType=VARCHAR},
      </if>
      <if test="fileSize != null">
        #{fileSize,jdbcType=DOUBLE},
      </if>
      <if test="downloadable != null">
        #{downloadable,jdbcType=BOOLEAN},
      </if>
      <if test="downloadCount != null">
        #{downloadCount,jdbcType=INTEGER},
      </if>
      <if test="isDeleted != null">
        #{isDeleted,jdbcType=BOOLEAN},
      </if>
      <if test="createBy != null">
        #{createBy,jdbcType=VARCHAR},
      </if>
      <if test="createTime != null">
        #{createTime,jdbcType=TIMESTAMP},
      </if>
      <if test="updateBy != null">
        #{updateBy,jdbcType=VARCHAR},
      </if>
      <if test="updateTime != null">
        #{updateTime,jdbcType=TIMESTAMP},
      </if>
      <if test="remark != null">
        #{remark,jdbcType=VARCHAR},
      </if>
    </trim>
  </insert>
  <update id="updateByPrimaryKeySelective" parameterType="com.zhenwen.domain.File">
    update file
    <set>
      <if test="parentId != null">
        parent_id = #{parentId,jdbcType=INTEGER},
      </if>
      <if test="fileName != null">
        file_name = #{fileName,jdbcType=VARCHAR},
      </if>
      <if test="fileUrl != null">
        file_url = #{fileUrl,jdbcType=VARCHAR},
      </if>
      <if test="fileType != null">
        file_type = #{fileType,jdbcType=VARCHAR},
      </if>
      <if test="fileSize != null">
        file_size = #{fileSize,jdbcType=DOUBLE},
      </if>
      <if test="downloadable != null">
        downloadable = #{downloadable,jdbcType=BOOLEAN},
      </if>
      <if test="downloadCount != null">
        download_count = #{downloadCount,jdbcType=INTEGER},
      </if>
      <if test="isDeleted != null">
        is_deleted = #{isDeleted,jdbcType=BOOLEAN},
      </if>
      <if test="createBy != null">
        create_by = #{createBy,jdbcType=VARCHAR},
      </if>
      <if test="createTime != null">
        create_time = #{createTime,jdbcType=TIMESTAMP},
      </if>
      <if test="updateBy != null">
        update_by = #{updateBy,jdbcType=VARCHAR},
      </if>
      <if test="updateTime != null">
        update_time = #{updateTime,jdbcType=TIMESTAMP},
      </if>
      <if test="remark != null">
        remark = #{remark,jdbcType=VARCHAR},
      </if>
    </set>
    where file_id = #{fileId,jdbcType=INTEGER}
  </update>
  <update id="updateByPrimaryKey" parameterType="com.zhenwen.domain.File">
    update file
    set parent_id = #{parentId,jdbcType=INTEGER},
      file_name = #{fileName,jdbcType=VARCHAR},
      file_url = #{fileUrl,jdbcType=VARCHAR},
      file_type = #{fileType,jdbcType=VARCHAR},
      file_size = #{fileSize,jdbcType=DOUBLE},
      downloadable = #{downloadable,jdbcType=BOOLEAN},
      download_count = #{downloadCount,jdbcType=INTEGER},
      is_deleted = #{isDeleted,jdbcType=BOOLEAN},
      create_by = #{createBy,jdbcType=VARCHAR},
      create_time = #{createTime,jdbcType=TIMESTAMP},
      update_by = #{updateBy,jdbcType=VARCHAR},
      update_time = #{updateTime,jdbcType=TIMESTAMP},
      remark = #{remark,jdbcType=VARCHAR}
    where file_id = #{fileId,jdbcType=INTEGER}
  </update>
</mapper>
