<?xml version="1.0" encoding="UTF-8"?>
<!DOCTYPE mapper PUBLIC "-//mybatis.org//DTD Mapper 3.0//EN" "http://mybatis.org/dtd/mybatis-3-mapper.dtd">
<mapper namespace="com.zhenwen.mapper.MoocMapper">
  <resultMap id="BaseResultMap" type="com.zhenwen.domain.Mooc">
    <id column="mooc_id" jdbcType="INTEGER" property="moocId" />
    <result column="mooc_name" jdbcType="VARCHAR" property="moocName" />
    <result column="icon_url" jdbcType="VARCHAR" property="iconUrl" />
    <result column="introduction" jdbcType="VARCHAR" property="introduction" />
    <result column="outline" jdbcType="VARCHAR" property="outline" />
    <result column="lecturer_name" jdbcType="VARCHAR" property="lecturerName" />
    <result column="lecturer_school" jdbcType="VARCHAR" property="lecturerSchool" />
    <result column="lecturer_degree" jdbcType="VARCHAR" property="lecturerDegree" />
    <result column="lecturer_introduction" jdbcType="VARCHAR" property="lecturerIntroduction" />
    <result column="members_count" jdbcType="INTEGER" property="membersCount" />
    <result column="create_by" jdbcType="VARCHAR" property="createBy" />
    <result column="create_time" jdbcType="TIMESTAMP" property="createTime" />
    <result column="update_by" jdbcType="VARCHAR" property="updateBy" />
    <result column="update_time" jdbcType="TIMESTAMP" property="updateTime" />
    <result column="remark" jdbcType="VARCHAR" property="remark" />
  </resultMap>
  <sql id="Base_Column_List">
    mooc_id, mooc_name, icon_url, introduction, outline, lecturer_name, lecturer_school, 
    lecturer_degree, lecturer_introduction, members_count, create_by, create_time, update_by, 
    update_time, remark
  </sql>
  <select id="selectByPrimaryKey" parameterType="java.lang.Integer" resultMap="BaseResultMap">
    select 
    <include refid="Base_Column_List" />
    from mooc
    where mooc_id = #{moocId,jdbcType=INTEGER}
  </select>
  <delete id="deleteByPrimaryKey" parameterType="java.lang.Integer">
    delete from mooc
    where mooc_id = #{moocId,jdbcType=INTEGER}
  </delete>
  <insert id="insert" keyColumn="mooc_id" keyProperty="moocId" parameterType="com.zhenwen.domain.Mooc" useGeneratedKeys="true">
    insert into mooc (mooc_name, icon_url, introduction, 
      outline, lecturer_name, lecturer_school, 
      lecturer_degree, lecturer_introduction, members_count, 
      create_by, create_time, update_by, 
      update_time, remark)
    values (#{moocName,jdbcType=VARCHAR}, #{iconUrl,jdbcType=VARCHAR}, #{introduction,jdbcType=VARCHAR}, 
      #{outline,jdbcType=VARCHAR}, #{lecturerName,jdbcType=VARCHAR}, #{lecturerSchool,jdbcType=VARCHAR}, 
      #{lecturerDegree,jdbcType=VARCHAR}, #{lecturerIntroduction,jdbcType=VARCHAR}, #{membersCount,jdbcType=INTEGER}, 
      #{createBy,jdbcType=VARCHAR}, #{createTime,jdbcType=TIMESTAMP}, #{updateBy,jdbcType=VARCHAR}, 
      #{updateTime,jdbcType=TIMESTAMP}, #{remark,jdbcType=VARCHAR})
  </insert>
  <insert id="insertSelective" keyColumn="mooc_id" keyProperty="moocId" parameterType="com.zhenwen.domain.Mooc" useGeneratedKeys="true">
    insert into mooc
    <trim prefix="(" suffix=")" suffixOverrides=",">
      <if test="moocName != null">
        mooc_name,
      </if>
      <if test="iconUrl != null">
        icon_url,
      </if>
      <if test="introduction != null">
        introduction,
      </if>
      <if test="outline != null">
        outline,
      </if>
      <if test="lecturerName != null">
        lecturer_name,
      </if>
      <if test="lecturerSchool != null">
        lecturer_school,
      </if>
      <if test="lecturerDegree != null">
        lecturer_degree,
      </if>
      <if test="lecturerIntroduction != null">
        lecturer_introduction,
      </if>
      <if test="membersCount != null">
        members_count,
      </if>
      <if test="createBy != null">
        create_by,
      </if>
      <if test="createTime != null">
        create_time,
      </if>
      <if test="updateBy != null">
        update_by,
      </if>
      <if test="updateTime != null">
        update_time,
      </if>
      <if test="remark != null">
        remark,
      </if>
    </trim>
    <trim prefix="values (" suffix=")" suffixOverrides=",">
      <if test="moocName != null">
        #{moocName,jdbcType=VARCHAR},
      </if>
      <if test="iconUrl != null">
        #{iconUrl,jdbcType=VARCHAR},
      </if>
      <if test="introduction != null">
        #{introduction,jdbcType=VARCHAR},
      </if>
      <if test="outline != null">
        #{outline,jdbcType=VARCHAR},
      </if>
      <if test="lecturerName != null">
        #{lecturerName,jdbcType=VARCHAR},
      </if>
      <if test="lecturerSchool != null">
        #{lecturerSchool,jdbcType=VARCHAR},
      </if>
      <if test="lecturerDegree != null">
        #{lecturerDegree,jdbcType=VARCHAR},
      </if>
      <if test="lecturerIntroduction != null">
        #{lecturerIntroduction,jdbcType=VARCHAR},
      </if>
      <if test="membersCount != null">
        #{membersCount,jdbcType=INTEGER},
      </if>
      <if test="createBy != null">
        #{createBy,jdbcType=VARCHAR},
      </if>
      <if test="createTime != null">
        #{createTime,jdbcType=TIMESTAMP},
      </if>
      <if test="updateBy != null">
        #{updateBy,jdbcType=VARCHAR},
      </if>
      <if test="updateTime != null">
        #{updateTime,jdbcType=TIMESTAMP},
      </if>
      <if test="remark != null">
        #{remark,jdbcType=VARCHAR},
      </if>
    </trim>
  </insert>
  <update id="updateByPrimaryKeySelective" parameterType="com.zhenwen.domain.Mooc">
    update mooc
    <set>
      <if test="moocName != null">
        mooc_name = #{moocName,jdbcType=VARCHAR},
      </if>
      <if test="iconUrl != null">
        icon_url = #{iconUrl,jdbcType=VARCHAR},
      </if>
      <if test="introduction != null">
        introduction = #{introduction,jdbcType=VARCHAR},
      </if>
      <if test="outline != null">
        outline = #{outline,jdbcType=VARCHAR},
      </if>
      <if test="lecturerName != null">
        lecturer_name = #{lecturerName,jdbcType=VARCHAR},
      </if>
      <if test="lecturerSchool != null">
        lecturer_school = #{lecturerSchool,jdbcType=VARCHAR},
      </if>
      <if test="lecturerDegree != null">
        lecturer_degree = #{lecturerDegree,jdbcType=VARCHAR},
      </if>
      <if test="lecturerIntroduction != null">
        lecturer_introduction = #{lecturerIntroduction,jdbcType=VARCHAR},
      </if>
      <if test="membersCount != null">
        members_count = #{membersCount,jdbcType=INTEGER},
      </if>
      <if test="createBy != null">
        create_by = #{createBy,jdbcType=VARCHAR},
      </if>
      <if test="createTime != null">
        create_time = #{createTime,jdbcType=TIMESTAMP},
      </if>
      <if test="updateBy != null">
        update_by = #{updateBy,jdbcType=VARCHAR},
      </if>
      <if test="updateTime != null">
        update_time = #{updateTime,jdbcType=TIMESTAMP},
      </if>
      <if test="remark != null">
        remark = #{remark,jdbcType=VARCHAR},
      </if>
    </set>
    where mooc_id = #{moocId,jdbcType=INTEGER}
  </update>
  <update id="updateByPrimaryKey" parameterType="com.zhenwen.domain.Mooc">
    update mooc
    set mooc_name = #{moocName,jdbcType=VARCHAR},
      icon_url = #{iconUrl,jdbcType=VARCHAR},
      introduction = #{introduction,jdbcType=VARCHAR},
      outline = #{outline,jdbcType=VARCHAR},
      lecturer_name = #{lecturerName,jdbcType=VARCHAR},
      lecturer_school = #{lecturerSchool,jdbcType=VARCHAR},
      lecturer_degree = #{lecturerDegree,jdbcType=VARCHAR},
      lecturer_introduction = #{lecturerIntroduction,jdbcType=VARCHAR},
      members_count = #{membersCount,jdbcType=INTEGER},
      create_by = #{createBy,jdbcType=VARCHAR},
      create_time = #{createTime,jdbcType=TIMESTAMP},
      update_by = #{updateBy,jdbcType=VARCHAR},
      update_time = #{updateTime,jdbcType=TIMESTAMP},
      remark = #{remark,jdbcType=VARCHAR}
    where mooc_id = #{moocId,jdbcType=INTEGER}
  </update>
</mapper>