<?xml version="1.0" encoding="UTF-8"?>
<!DOCTYPE mapper PUBLIC "-//mybatis.org//DTD Mapper 3.0//EN" "http://mybatis.org/dtd/mybatis-3-mapper.dtd">
<mapper namespace="com.zhenwen.mapper.RoleMapper">
  <resultMap id="BaseResultMap" type="com.zhenwen.domain.Role">
    <id column="role_id" jdbcType="INTEGER" property="roleId" />
    <result column="role_name" jdbcType="VARCHAR" property="roleName" />
    <result column="role_code" jdbcType="VARCHAR" property="roleCode" />
    <result column="status" jdbcType="VARCHAR" property="status" />
    <result column="is_deleted" jdbcType="BOOLEAN" property="isDeleted" />
    <result column="create_by" jdbcType="VARCHAR" property="createBy" />
    <result column="create_time" jdbcType="TIMESTAMP" property="createTime" />
    <result column="update_by" jdbcType="VARCHAR" property="updateBy" />
    <result column="update_time" jdbcType="TIMESTAMP" property="updateTime" />
    <result column="remark" jdbcType="VARCHAR" property="remark" />
  </resultMap>
  <sql id="Base_Column_List">
    role_id, role_name, role_code, `status`, is_deleted, create_by, create_time, update_by,
    update_time, remark
  </sql>
  <sql id="selectRoleVo">
    select distinct r.role_id, r.role_name, r.role_code,
                    r.status, r.create_time, r.remark
    from role r
           left join user_role ur on ur.role_id = r.role_id
           left join user u on u.user_id = ur.user_id
  </sql>
  <select id="selectByPrimaryKey" parameterType="java.lang.Integer" resultMap="BaseResultMap">
    select
    <include refid="Base_Column_List" />
    from role
    where role_id = #{roleId,jdbcType=INTEGER}
  </select>
  <select id="selectRolePermissionByUserId" parameterType="Integer" resultMap="BaseResultMap">
    <include refid="selectRoleVo"/>
    WHERE r.is_deleted = '0' and ur.user_id = #{userId} and r.status = '0'
  </select>
  <select id="selectByCode" resultMap="BaseResultMap">
    select
    <include refid="Base_Column_List" />
    from role
    where role_code = #{code}
  </select>
  <delete id="deleteByPrimaryKey" parameterType="java.lang.Integer">
    delete from role
    where role_id = #{roleId,jdbcType=INTEGER}
  </delete>
  <insert id="insert" keyColumn="role_id" keyProperty="roleId" parameterType="com.zhenwen.domain.Role" useGeneratedKeys="true">
    insert into role (role_name, role_code, `status`,
      is_deleted, create_by, create_time,
      update_by, update_time, remark
      )
    values (#{roleName,jdbcType=VARCHAR}, #{roleCode,jdbcType=VARCHAR}, #{status,jdbcType=VARCHAR},
      #{isDeleted,jdbcType=BOOLEAN}, #{createBy,jdbcType=VARCHAR}, #{createTime,jdbcType=TIMESTAMP},
      #{updateBy,jdbcType=VARCHAR}, #{updateTime,jdbcType=TIMESTAMP}, #{remark,jdbcType=VARCHAR}
      )
  </insert>
  <insert id="insertSelective" keyColumn="role_id" keyProperty="roleId" parameterType="com.zhenwen.domain.Role" useGeneratedKeys="true">
    insert into role
    <trim prefix="(" suffix=")" suffixOverrides=",">
      <if test="roleName != null">
        role_name,
      </if>
      <if test="roleCode != null">
        role_code,
      </if>
      <if test="status != null">
        `status`,
      </if>
      <if test="isDeleted != null">
        is_deleted,
      </if>
      <if test="createBy != null">
        create_by,
      </if>
      <if test="createTime != null">
        create_time,
      </if>
      <if test="updateBy != null">
        update_by,
      </if>
      <if test="updateTime != null">
        update_time,
      </if>
      <if test="remark != null">
        remark,
      </if>
    </trim>
    <trim prefix="values (" suffix=")" suffixOverrides=",">
      <if test="roleName != null">
        #{roleName,jdbcType=VARCHAR},
      </if>
      <if test="roleCode != null">
        #{roleCode,jdbcType=VARCHAR},
      </if>
      <if test="status != null">
        #{status,jdbcType=VARCHAR},
      </if>
      <if test="isDeleted != null">
        #{isDeleted,jdbcType=BOOLEAN},
      </if>
      <if test="createBy != null">
        #{createBy,jdbcType=VARCHAR},
      </if>
      <if test="createTime != null">
        #{createTime,jdbcType=TIMESTAMP},
      </if>
      <if test="updateBy != null">
        #{updateBy,jdbcType=VARCHAR},
      </if>
      <if test="updateTime != null">
        #{updateTime,jdbcType=TIMESTAMP},
      </if>
      <if test="remark != null">
        #{remark,jdbcType=VARCHAR},
      </if>
    </trim>
  </insert>
  <update id="updateByPrimaryKeySelective" parameterType="com.zhenwen.domain.Role">
    update role
    <set>
      <if test="roleName != null">
        role_name = #{roleName,jdbcType=VARCHAR},
      </if>
      <if test="roleCode != null">
        role_code = #{roleCode,jdbcType=VARCHAR},
      </if>
      <if test="status != null">
        `status` = #{status,jdbcType=VARCHAR},
      </if>
      <if test="isDeleted != null">
        is_deleted = #{isDeleted,jdbcType=BOOLEAN},
      </if>
      <if test="createBy != null">
        create_by = #{createBy,jdbcType=VARCHAR},
      </if>
      <if test="createTime != null">
        create_time = #{createTime,jdbcType=TIMESTAMP},
      </if>
      <if test="updateBy != null">
        update_by = #{updateBy,jdbcType=VARCHAR},
      </if>
      <if test="updateTime != null">
        update_time = #{updateTime,jdbcType=TIMESTAMP},
      </if>
      <if test="remark != null">
        remark = #{remark,jdbcType=VARCHAR},
      </if>
    </set>
    where role_id = #{roleId,jdbcType=INTEGER}
  </update>
  <update id="updateByPrimaryKey" parameterType="com.zhenwen.domain.Role">
    update role
    set role_name = #{roleName,jdbcType=VARCHAR},
      role_code = #{roleCode,jdbcType=VARCHAR},
      `status` = #{status,jdbcType=VARCHAR},
      is_deleted = #{isDeleted,jdbcType=BOOLEAN},
      create_by = #{createBy,jdbcType=VARCHAR},
      create_time = #{createTime,jdbcType=TIMESTAMP},
      update_by = #{updateBy,jdbcType=VARCHAR},
      update_time = #{updateTime,jdbcType=TIMESTAMP},
      remark = #{remark,jdbcType=VARCHAR}
    where role_id = #{roleId,jdbcType=INTEGER}
  </update>
</mapper>
