<?xml version="1.0" encoding="UTF-8"?>
<!DOCTYPE mapper PUBLIC "-//mybatis.org//DTD Mapper 3.0//EN" "http://mybatis.org/dtd/mybatis-3-mapper.dtd">
<mapper namespace="com.zhenwen.mapper.RoleMenuMapper">
  <resultMap id="BaseResultMap" type="com.zhenwen.domain.RoleMenu">
    <id column="role_id" jdbcType="INTEGER" property="roleId" />
    <id column="menu_id" jdbcType="INTEGER" property="menuId" />
  </resultMap>
  <select id="checkMenuExistRole" resultType="Integer">
    select count(1) from sys_role_menu where menu_id = #{menuId}
  </select>

  <delete id="deleteRoleMenuByRoleId" parameterType="Integer">
    delete from role_menu where role_id=#{roleId}
  </delete>

  <insert id="batchRoleMenu">
    insert into role_menu(role_id, menu_id) values
    <foreach item="item" index="index" collection="list" separator=",">
      (#{item.roleId},#{item.menuId})
    </foreach>
  </insert>
</mapper>
