<?xml version="1.0" encoding="UTF-8"?>
<!DOCTYPE mapper PUBLIC "-//mybatis.org//DTD Mapper 3.0//EN" "http://mybatis.org/dtd/mybatis-3-mapper.dtd">
<mapper namespace="com.zhenwen.mapper.TaskFileMapper">
  <resultMap id="BaseResultMap" type="com.zhenwen.domain.TaskFile">
    <id column="task_id" jdbcType="INTEGER" property="taskId" />
    <id column="file_id" jdbcType="INTEGER" property="fileId" />
  </resultMap>
  <delete id="deleteByPrimaryKey" parameterType="com.zhenwen.domain.TaskFile">
    delete from task_file
    where task_id = #{taskId,jdbcType=INTEGER}
      and file_id = #{fileId,jdbcType=INTEGER}
  </delete>
  <delete id="deleteByTaskId">
    delete from task_file
    where task_id = #{taskId}
  </delete>
  <insert id="insert" keyColumn="task_id" keyProperty="taskId" parameterType="com.zhenwen.domain.TaskFile" useGeneratedKeys="true">
    insert into task_file (task_id, file_id)
    values (#{taskId}, #{fileId,jdbcType=INTEGER})
  </insert>
  <insert id="insertSelective" keyColumn="task_id" keyProperty="taskId" parameterType="com.zhenwen.domain.TaskFile" useGeneratedKeys="true">
    insert into task_file
    <trim prefix="(" suffix=")" suffixOverrides=",">
      <if test="taskId != null">
        task_id,
      </if>
      <if test="fileId != null">
        file_id,
      </if>
    </trim>
    <trim prefix="values (" suffix=")" suffixOverrides=",">
      <if test="taskId != null">
        #{taskId,jdbcType=INTEGER},
      </if>
      <if test="fileId != null">
        #{fileId,jdbcType=INTEGER},
      </if>
    </trim>
  </insert>
</mapper>
