<?xml version="1.0" encoding="UTF-8"?>
<!DOCTYPE mapper PUBLIC "-//mybatis.org//DTD Mapper 3.0//EN" "http://mybatis.org/dtd/mybatis-3-mapper.dtd">
<mapper namespace="com.zhenwen.mapper.UserRoleMapper">
  <resultMap id="BaseResultMap" type="com.zhenwen.domain.UserRole">
    <id column="user_id" jdbcType="INTEGER" property="userId" />
    <id column="role_id" jdbcType="INTEGER" property="roleId" />
  </resultMap>
  <delete id="deleteByPrimaryKey" parameterType="com.zhenwen.domain.UserRole">
    delete from user_role
    where user_id = #{userId,jdbcType=INTEGER}
      and role_id = #{roleId,jdbcType=INTEGER}
  </delete>
  <insert id="insert" keyColumn="user_id" keyProperty="userId" parameterType="com.zhenwen.domain.UserRole" useGeneratedKeys="true">
    insert into user_role (user_id, role_id)
    values (#{userId}, #{roleId})
  </insert>
  <insert id="insertSelective" keyColumn="user_id" keyProperty="userId" parameterType="com.zhenwen.domain.UserRole" useGeneratedKeys="true">
    insert into user_role
    <trim prefix="(" suffix=")" suffixOverrides=",">
      <if test="userId != null">
        user_id,
      </if>
      <if test="roleId != null">
        role_id,
      </if>
    </trim>
    <trim prefix="values (" suffix=")" suffixOverrides=",">
      <if test="userId != null">
        #{userId,jdbcType=INTEGER},
      </if>
      <if test="roleId != null">
        #{roleId,jdbcType=INTEGER},
      </if>
    </trim>
  </insert>
</mapper>
